experiment,feature,model,target,n_seeds,n_samples_mean,RMSE_mean,RMSE_std,MAE_mean,MAE_std,R2_mean,R2_std,Pearson_R_mean,Pearson_R_std,Spearman_R_mean,Spearman_R_std,MAPE_mean,MAPE_std,sMAPE_mean,sMAPE_std,NRMSE_mean,NRMSE_std
predictions_OpenADMET_FNN_ECFP,ECFP,FNN,HLM CLint,5,752.0,109.75788957938478,8.41347246523702,47.48648378093331,5.669588910614536,0.25746997773498725,0.06962439436174914,0.5177668303378967,0.05640118733858707,0.5349130838650316,0.0482939142348921,228.0937871509734,46.94356582171912,99.27360468577663,8.901293661922715,2.0600359382321862,0.1786799176155282
predictions_OpenADMET_FNN_ECFP,ECFP,FNN,KSOL,5,1026.0,81.86439559363676,1.7599291724073662,62.475637711084104,1.321703518419552,0.49629072448947154,0.020451518196810542,0.7075944476587788,0.013639128856197759,0.7040329289813075,0.019324686165519297,75.43109325946459,10.695215662571936,70.00484117926796,2.206252994894795,0.5611424567828178,0.008591351387705996
predictions_OpenADMET_FNN_ECFP,ECFP,FNN,LogD,5,1008.0,0.5000488974333778,0.01371611081430353,0.35407181588725917,0.006451526832569694,0.8213213026651826,0.007843631181984924,0.9066752884701057,0.004189304427939412,0.9064921812447222,0.0050483476700410555,14.848091334002167,0.2531520073630043,25.28779825089495,0.9921352838959753,0.22927461340082528,0.007281816976559792
predictions_OpenADMET_FNN_ECFP,ECFP,FNN,MLM CLint,5,905.0,840.5546241772838,34.16622872018807,424.20224949064504,32.555712581435195,0.3398753142581995,0.02928457864104982,0.5867346744443716,0.02700941472443288,0.6955287841640081,0.04096853134433936,166.52034252155045,34.611633695632335,84.04583753358075,7.598444788165226,1.468520132729794,0.05694643221539437
predictions_OpenADMET_Phase1_ElasticNet,AtomPair,XGBoost,HLM CLint,10,752.0,111.00706249707089,17.533929837606383,43.85086461373783,2.5132698973000056,0.2861717275279743,0.04925848126821735,0.5507524977140762,0.05329880510453243,0.6250952247253739,0.03265482197832904,208.2466562698258,21.717410536190826,87.51708215858967,4.3978198455525135,2.055073544524271,0.19842671838469111
predictions_OpenADMET_Phase1_ElasticNet,RDKitFP,XGBoost,HLM CLint,10,752.0,111.07116372837837,18.226854900020484,45.916538687581195,2.7823057199913013,0.2821535904832625,0.09558253506061419,0.550962616465971,0.07285192604235685,0.5747795310938523,0.02786535247345056,241.22272034536718,17.860665294966214,88.01869350192872,2.581547549561384,2.0564866988216295,0.2160952353110114
predictions_OpenADMET_Phase1_ElasticNet,TOPOTOR,XGBoost,HLM CLint,10,752.0,112.75670716220365,22.42226278123203,43.70517302295431,4.033481128035397,0.26602200478349736,0.11721459504713547,0.5182882975177557,0.11168086495148302,0.5964417085675261,0.029002166623775003,206.11097735807158,19.12225383230087,87.47238104369303,3.2191853453026464,2.0848042884579234,0.30073575346851117
predictions_OpenADMET_Phase1_ElasticNet,MACCS,XGBoost,HLM CLint,10,752.0,113.74775602040272,16.692366439732115,45.60593848955005,1.8440361702057944,0.24637508682594583,0.0879307911165762,0.5228095104902164,0.054598873018745296,0.5785506920173809,0.05310698057053243,240.5282862285954,34.04024104461525,90.01574398848254,4.3460049409131205,2.10649770121357,0.18465339522031754
predictions_OpenADMET_Phase1_ElasticNet,MOL2VEC,XGBoost,HLM CLint,10,752.0,114.84973690814527,19.465249930834243,45.341220848447385,2.9889750214396553,0.23348054925186684,0.11111529575063425,0.5129692387294786,0.08512404022010694,0.6059914913443866,0.031340474003802854,217.6945924618329,23.852834481452277,86.79760154367065,1.81522618105247,2.1270912390324663,0.25736130394033613
predictions_OpenADMET_Phase1_ElasticNet,RDKitFP,ElasticNet,HLM CLint,10,752.0,117.03196015552871,19.32542582133139,54.368157404064576,2.1822715667012984,0.20835645440622633,0.055198295145741594,0.45858940091248385,0.060568808668639985,0.46250042648863954,0.03590314516545544,328.5503713421136,30.830805185676248,112.51661832753737,3.344022154324635,2.1660820219321684,0.22902261149979924
predictions_OpenADMET_Phase1_ElasticNet,AtomPair,ElasticNet,HLM CLint,10,752.0,118.28350288204933,18.492524006395488,52.25270384080444,2.9347424031965863,0.18995628124626557,0.0458622435373053,0.4392052275026762,0.049544213067044,0.5428105491539463,0.030800550715058043,288.22927549428454,19.751702311708367,108.03580681630672,3.9054109031141997,2.1898722147123904,0.2084182806446219
predictions_OpenADMET_Phase1_ElasticNet,ECFP,ElasticNet,HLM CLint,10,752.0,119.34112932650376,19.625268915730317,52.40236222698418,3.50282844358587,0.1761442011507638,0.06917326704420408,0.4343437312239109,0.07297552743044441,0.5221390157677898,0.03176348041308722,294.49732834888385,26.446795851206037,106.14937313370028,4.607858737014047,2.208630522772218,0.231876712952652
predictions_OpenADMET_Phase1_ElasticNet,ECFP,XGBoost,HLM CLint,10,752.0,118.63058121971235,23.106277052435946,43.83489530988783,3.405595954061443,0.17475391415398783,0.22659838673027427,0.49799565214515384,0.0951130175566773,0.6133111524207624,0.04679710261887706,208.42609287672477,28.488262902644063,87.3198725502169,4.584744198502349,2.1965006570932872,0.34399900119170274
predictions_OpenADMET_Phase1_ElasticNet,MOL2VEC,ElasticNet,HLM CLint,10,752.0,120.85702310274579,19.049725039938817,55.59386254609899,2.9801750974088517,0.15395097462224788,0.06089217863356094,0.39807650024464863,0.06654266691882582,0.5183498118496883,0.027554114500774718,322.78550745596283,20.06992344030053,113.89913127560314,2.8711924278041923,2.2380613155657487,0.22474719270132504
predictions_OpenADMET_Phase1_ElasticNet,TOPOTOR,ElasticNet,HLM CLint,10,752.0,121.06628913441719,19.54524593050555,53.019480816796076,3.142695419651384,0.15223763258240364,0.050810373576592655,0.3919389578232991,0.0687236365864453,0.4999408384255258,0.022732398534991732,304.01790359810997,26.005713178279418,106.6874580067636,3.2777708179809952,2.24053847770321,0.21986541290212752
predictions_OpenADMET_Phase1_ElasticNet,MACCS,ElasticNet,HLM CLint,10,752.0,124.14302723890917,17.92071773839727,56.938874791503835,3.139699010167781,0.10627150124507578,0.026037231008903407,0.3327029705375815,0.03727442327545961,0.41824808970448596,0.013434990969582722,359.4972564466867,32.07983553288564,110.50826705546926,3.4471939868101376,2.299447649598493,0.19273741714492304
predictions_OpenADMET_Phase1_ElasticNet,AtomPair,XGBoost,KSOL,10,1026.0,77.09541434079216,1.9172950998097456,56.79092027423835,2.0454326849393256,0.5508645382369466,0.021167315648401862,0.7429513277541397,0.01445869017105974,0.7284066059248959,0.016821362341241708,75.46405874299812,8.55533954609107,67.4698286074998,2.239354361353284,0.5299253706233729,0.015508624809907555
predictions_OpenADMET_Phase1_ElasticNet,ECFP,XGBoost,KSOL,10,1026.0,77.27942579750838,1.0323833133869553,58.34054374036585,1.6480212806463768,0.5488519785904609,0.011861000541303738,0.742336811327698,0.00819228994693175,0.7285397286545333,0.012035225481522038,77.48400087470546,10.447845099213183,68.42130048105507,1.8430080983387949,0.5311601847869458,0.009309618264299194
predictions_OpenADMET_Phase1_ElasticNet,RDKitFP,XGBoost,KSOL,10,1026.0,78.1853956549292,1.367212715575463,57.931296291369904,1.6848092536539425,0.538061164327504,0.018676967608299386,0.7343846012865345,0.01272008513111442,0.7189330128273299,0.016350591973062094,76.09332179889734,9.9733810195364,67.9195882573136,2.117430757006254,0.5374546677869569,0.014375280487334777
predictions_OpenADMET_Phase1_ElasticNet,TOPOTOR,XGBoost,KSOL,10,1026.0,79.02041032454248,1.4948118257230298,59.97701895790071,2.247093912618803,0.5282603101996053,0.016429661255948875,0.7285198791856394,0.010770271697648307,0.7154113087577587,0.013116430386014536,79.70965468824173,8.94827584137003,68.99095521999212,1.9401804653823345,0.5431748325490506,0.014201729694755274
predictions_OpenADMET_Phase1_ElasticNet,MOL2VEC,XGBoost,KSOL,10,1026.0,79.53099615128824,1.4402659505940536,60.06746826157452,1.2449565786595551,0.522084015002741,0.017989668288002327,0.7233048848688348,0.012783128355396096,0.7134769093248059,0.015234349029677232,78.96781518724114,8.076855525276823,69.45969762278477,1.7869606767852928,0.5466607940781542,0.012940520568681606
predictions_OpenADMET_Phase1_ElasticNet,MACCS,XGBoost,KSOL,10,1026.0,82.01321327223867,0.7767490914969013,61.442123151607156,1.4525397288139064,0.4919477847981787,0.008109474021458627,0.7029906787345364,0.005609932504254914,0.6847902106257677,0.009658303731169998,79.37574444270868,11.789754336697756,70.07648673237134,2.3013940678612657,0.563788771456373,0.013616359504639788
predictions_OpenADMET_Phase1_ElasticNet,ECFP,ElasticNet,KSOL,10,1026.0,83.99689692502778,1.457109821078059,68.2851988983443,1.5268304256014782,0.46695672016768175,0.018327230177000556,0.6852070050423171,0.013317001192400615,0.6788159951045847,0.01690329636124075,87.14344002911506,11.91476484640017,74.71504474451129,1.7361978803210503,0.5773385119650292,0.012351577469577405
predictions_OpenADMET_Phase1_ElasticNet,MOL2VEC,ElasticNet,KSOL,10,1026.0,84.57782079735576,2.1646479922916773,68.31397059917963,1.6235379600447173,0.45949458706137064,0.025101217348873564,0.6783585341290423,0.0183438003921708,0.6857536480227271,0.019914478113962006,88.36192926649012,10.08858439395178,75.06055931830514,1.9162124478827254,0.5812856424743786,0.014696688655174327
predictions_OpenADMET_Phase1_ElasticNet,RDKitFP,ElasticNet,KSOL,10,1026.0,85.15619153242497,1.4951234395020194,68.40322434899664,1.290693291563521,0.452085884442225,0.020573123508410573,0.6730404330548428,0.015382196118791797,0.6629596462773695,0.02086607724333331,88.2603871415381,11.908733894938495,74.14773513554006,1.8801658598195523,0.5853671706897401,0.01544273574584535
predictions_OpenADMET_Phase1_ElasticNet,AtomPair,ElasticNet,KSOL,10,1026.0,85.91741588692285,1.9364874714184281,68.65915823779132,2.0861824844930132,0.44231692346412455,0.021792692365392035,0.6655967065427241,0.016669508242386225,0.6594027933735191,0.019611749599299833,89.00538559822475,12.228894678278,75.15059906217225,2.5397171989566356,0.590618052030889,0.018496023910898232
predictions_OpenADMET_Phase1_ElasticNet,TOPOTOR,ElasticNet,KSOL,10,1026.0,87.48915924850863,1.7459400107126655,71.42673615996998,1.5113492203622239,0.4217032018188516,0.02153813220971503,0.6502838888106258,0.016445261773933583,0.6504024977803329,0.018563393079949517,92.53229880872313,11.387902119556609,75.95550894476325,2.0777016257202425,0.6013062242686742,0.012413206051021704
predictions_OpenADMET_Phase1_ElasticNet,MACCS,ElasticNet,KSOL,10,1026.0,95.90724595298074,1.3914236918934622,80.7593071713112,0.881426813939113,0.30515041494864176,0.018949179075753376,0.5540833136587763,0.016309888335289565,0.5479173633633715,0.02069440527887712,98.308810887634,13.28386116232789,81.09472806981962,1.833850895751281,0.6592705362792086,0.016204183241554693
predictions_OpenADMET_Phase1_ElasticNet,ECFP,XGBoost,LogD,10,1008.0,0.5008460371446855,0.030720079589807346,0.36347200462880125,0.01795575992369977,0.8212379800339459,0.0168269593978334,0.906795982619563,0.009120723462242792,0.9044396147865715,0.007010794643866279,15.408783182565069,0.8215832160240063,25.87814629314865,1.2774384841736084,0.23220158028857996,0.014885180531579901
predictions_OpenADMET_Phase1_ElasticNet,MOL2VEC,XGBoost,LogD,10,1008.0,0.5333532031912018,0.02399884554935118,0.38585435827222037,0.012350766447913447,0.7973651768600123,0.014007231716766306,0.8946135982035524,0.007958196456836812,0.8901796439958763,0.008023267016824993,15.79530141113363,0.47190303498633374,27.03962811284729,1.2518541691181464,0.24724499905786362,0.011326594288443766
predictions_OpenADMET_Phase1_ElasticNet,AtomPair,XGBoost,LogD,10,1008.0,0.5404086271050954,0.03223731457414894,0.3880484759712237,0.014179870462738556,0.7919451523957919,0.018452184688281362,0.8909950316773845,0.010286065256668015,0.8891625268909392,0.009113775662154055,15.962424457126492,0.7250783550797175,27.272845134263303,1.1649230437878075,0.2505545835305308,0.01580997680968045
predictions_OpenADMET_Phase1_ElasticNet,MOL2VEC,ElasticNet,LogD,10,1008.0,0.5492382437745509,0.028610043855478228,0.3981893832130092,0.012954231526291568,0.7849820391135046,0.018382361435948177,0.8866858230474989,0.010082860257665364,0.8861464404041367,0.005991991386802596,16.753488242003726,0.5428852358711179,28.663483123540807,1.3214168563233233,0.25463943918254295,0.014095157127418925
predictions_OpenADMET_Phase1_ElasticNet,TOPOTOR,XGBoost,LogD,10,1008.0,0.5709479352352387,0.03596282948906198,0.4181174023313141,0.021661161670276232,0.767598188466694,0.024422269892159894,0.8768407571731087,0.013764932416579318,0.8735592544502415,0.015558547306437956,17.26542721803118,1.0743681596081585,29.404307004832077,1.3980133546587357,0.2647187575368899,0.017745510882052513
predictions_OpenADMET_Phase1_ElasticNet,MACCS,XGBoost,LogD,10,1008.0,0.575081929685136,0.023306223054278725,0.4241714770049952,0.012012722552241008,0.764362685238863,0.01585577268952219,0.8746290122268713,0.009192092573856366,0.8666263686932891,0.010245965949099604,18.122708744326467,0.3543854115101226,29.230546275200822,1.052581414278387,0.26654061697350734,0.009661635222783741
predictions_OpenADMET_Phase1_ElasticNet,ECFP,ElasticNet,LogD,10,1008.0,0.585169208593528,0.022643948954954873,0.44196591219792564,0.014661978721043932,0.7560737646559402,0.015115244382562128,0.8701536328823456,0.008221054492936279,0.8646299443547114,0.008408207856439483,18.877043079537728,0.7578850763767284,30.761154981233563,1.39186534611422,0.27128799948789534,0.011446326987388594
predictions_OpenADMET_Phase1_ElasticNet,RDKitFP,XGBoost,LogD,10,1008.0,0.6097469263256925,0.02490760118573107,0.43931969777388274,0.01743849586752548,0.7351568519109284,0.017146600539546725,0.8583379905980904,0.009889991004175615,0.8567129706163283,0.009549068909298434,18.348939234946748,0.8737351994637287,30.330800159410238,1.597451196842147,0.2826861342488304,0.012535854470621187
predictions_OpenADMET_Phase1_ElasticNet,AtomPair,ElasticNet,LogD,10,1008.0,0.6853660460720674,0.030941898859732836,0.5161430379193983,0.015137369886153723,0.6653755451858648,0.023367325823212885,0.8163028890237329,0.01427172730050622,0.8097747245497077,0.010851706193626158,21.289987198970046,0.857797952368304,34.177042065955774,1.5990409445428837,0.31770220499439294,0.014354199149648868
predictions_OpenADMET_Phase1_ElasticNet,TOPOTOR,ElasticNet,LogD,10,1008.0,0.6873885755865936,0.03391222464894271,0.5204262868762334,0.018882200126216,0.663466973513172,0.024538922127782723,0.8154490283304483,0.014965684728435848,0.8073246715911596,0.016584851746235564,21.647152450224468,1.0318468395323661,35.28936411353533,1.5980467620811407,0.31868930560646824,0.016725040562882834
predictions_OpenADMET_Phase1_ElasticNet,RDKitFP,ElasticNet,LogD,10,1008.0,0.714673955526749,0.034487254954668346,0.5405465887626864,0.018581836730565193,0.635992777386394,0.029100924601954296,0.7980617533726897,0.018183119517760575,0.7842408617102521,0.017927632645802938,22.408942463021226,0.7751952526219138,35.39491565103532,1.378507536403501,0.3312521099863477,0.015192739817533064
predictions_OpenADMET_Phase1_ElasticNet,MACCS,ElasticNet,LogD,10,1008.0,0.7684784675498624,0.023837294369765238,0.5959503632493149,0.014140653586526362,0.5792983157066088,0.02279748653847111,0.7624679194460227,0.015367333193273885,0.7361037849334163,0.017934120906724325,24.383095959466296,0.5334831591733749,37.68042759620628,1.291528688852674,0.35622032685503885,0.010702581800663184
predictions_OpenADMET_Phase1_ElasticNet,AtomPair,XGBoost,MLM CLint,10,905.0,755.5615880127319,61.65592087932546,389.43851573250504,19.99904088928492,0.4225423361105771,0.052616152958881265,0.6526175525259925,0.038619056717469576,0.7435951035578575,0.018520366403877133,170.15916771354054,11.920949814779538,83.26887141665136,2.266601435375492,1.3403539239619071,0.06184445476164107
predictions_OpenADMET_Phase1_ElasticNet,ECFP,XGBoost,MLM CLint,10,905.0,786.7936317750858,79.39115638367974,398.156533817027,24.516175076543743,0.3756470316902293,0.06115009686701961,0.6218611068884409,0.04610730833484065,0.7361995658942062,0.014751402340292444,175.2576035503005,10.710368932157108,86.36030125120378,2.022688044940514,1.3954514218380973,0.10108865765739185
predictions_OpenADMET_Phase1_ElasticNet,RDKitFP,XGBoost,MLM CLint,10,905.0,793.7615040466571,73.95972344610816,416.5942850415833,26.482605399456844,0.36489412023483453,0.04540709766810117,0.6072068672540649,0.03597684946182805,0.697158193711428,0.013786025346724459,198.72538305661243,10.369791543801718,84.89806430235268,2.105412099827181,1.40782340495096,0.08778258081179838
predictions_OpenADMET_Phase1_ElasticNet,MOL2VEC,XGBoost,MLM CLint,10,905.0,797.5254407031127,71.76780142514255,418.9390751762485,21.372094750712524,0.35855555019506086,0.04291332925712259,0.6049769904346889,0.0358649380648783,0.7104143984205133,0.017443065233921327,195.5172079030929,13.750623621946554,87.067419654085,2.540430533745876,1.4150733855492672,0.09060005497977601
predictions_OpenADMET_Phase1_ElasticNet,TOPOTOR,XGBoost,MLM CLint,10,905.0,815.3659267107632,69.05888182300218,419.0114573583113,22.992416540079578,0.3285322109576635,0.05239756294975229,0.5778670909083967,0.04541024162144164,0.7088859659912922,0.0196028275771885,189.34310788648827,12.682381391269661,88.54304160927808,2.458180724181763,1.4466545819412409,0.07962194383500378
predictions_OpenADMET_Phase1_ElasticNet,RDKitFP,ElasticNet,MLM CLint,10,905.0,834.2437795844204,74.93921973496177,466.990190397672,24.333543618347957,0.2992781311542302,0.024122021012516173,0.5501208767013767,0.021021403446762874,0.6294235567016594,0.027241923428442866,237.56362057895421,11.820677560623801,101.06777932297074,1.7981559182831726,1.4799903029876968,0.0910732822124085
predictions_OpenADMET_Phase1_ElasticNet,MACCS,XGBoost,MLM CLint,10,905.0,835.1220355573525,57.81972733192105,431.385764411357,16.91420186498053,0.2917967427050029,0.08386193351183584,0.560559856245836,0.041854364169413176,0.7134796747722192,0.016024349582661676,188.2902262739837,11.727655439201392,87.51998042014442,2.2291813893286587,1.48276160614688,0.0681405044072425
predictions_OpenADMET_Phase1_ElasticNet,ECFP,ElasticNet,MLM CLint,10,905.0,838.9284874000587,81.17671993584536,467.03425247544084,25.13176703715634,0.29178031118190506,0.03486865623440738,0.5436068142115705,0.03298283487380449,0.652260451752881,0.020121023926664934,234.35952463125932,12.82279343818089,101.16724305709545,1.4546210948406852,1.4879909671418636,0.10127765036843686
predictions_OpenADMET_Phase1_ElasticNet,AtomPair,ElasticNet,MLM CLint,10,905.0,851.4561157156315,82.34421893834887,471.5267960337218,20.897035053886082,0.2706859630446531,0.030651378140558447,0.5250402631650991,0.030524671682851202,0.6585540627547213,0.018874470309490958,232.13168216900584,13.288362970737053,101.23528489881751,2.8186449795389814,1.5104766070785136,0.10585485663219865
predictions_OpenADMET_Phase1_ElasticNet,TOPOTOR,ElasticNet,MLM CLint,10,905.0,866.7136550612142,88.37523137944684,479.82513082639133,22.292685749939597,0.2451240037625369,0.03145719138963545,0.4977497055245319,0.03049112538020974,0.6251862182041188,0.019610957735287295,242.267906502729,11.66020938878723,102.07555652988133,1.6113669959006922,1.5372698851214364,0.11558380617279974
predictions_OpenADMET_Phase1_ElasticNet,MOL2VEC,ElasticNet,MLM CLint,10,905.0,867.7998503219102,86.34192844947984,493.99182061261763,23.086832755170654,0.24263802054465575,0.035152046323930944,0.4938380009586279,0.03600683188546513,0.6332928326596955,0.014179230228265184,256.25893437894774,7.042161095818116,104.36785939192865,1.3952624035383385,1.5393238547879087,0.11213739282966786
predictions_OpenADMET_Phase1_ElasticNet,MACCS,ElasticNet,MLM CLint,10,905.0,912.6575441695719,83.65465378700436,516.3738617035281,22.236078681069916,0.161644831470509,0.026981774317469086,0.4042017148798894,0.03146101840872363,0.5838915650996535,0.011420092334847587,271.0163441218889,12.032305047147549,106.19377320711683,1.0781715423893352,1.6193822060053655,0.10813492519395426
predictions_OpenADMET_Phase2_KNN,RDKitFP,KNN,HLM CLint,10,752.0,111.82468154579271,20.130767588522186,42.53873786378915,3.385120117712386,0.27842652758107916,0.07531558249889554,0.5374932300261305,0.06788652524998426,0.6299503545560821,0.01665025415415551,176.56680736683526,14.814715998813778,80.36836606209826,1.7303727062407652,2.0681045328734156,0.2484692854057059
predictions_OpenADMET_Phase2_KNN,AtomPair,KNN,HLM CLint,10,752.0,113.23745457474863,20.208773767841834,41.37314553365458,3.5070897358497986,0.25813284582486956,0.09491335753369388,0.5254654025340278,0.07664927706280636,0.6908074460580413,0.02159985813033505,152.77443081881975,13.38207049330178,76.06684079406674,2.5788582471402375,2.0954884137260392,0.2615048806347937
predictions_OpenADMET_Phase2_KNN,ECFP,KNN,HLM CLint,10,752.0,116.43490893414646,19.036138776590583,42.62539921546965,2.654470902290801,0.21401994708141014,0.07843356612238474,0.4896879012809956,0.07493581600771511,0.6289754806843868,0.027885812163975024,170.7242971794318,16.714722881760995,79.68937579243938,2.1722067481937493,2.1561651533664667,0.23378902901410367
predictions_OpenADMET_Phase2_KNN,MOL2VEC,KNN,HLM CLint,10,752.0,116.89882027593428,19.519885288571935,43.38683226191127,3.5796646941431836,0.210127106565698,0.06204595791688286,0.481200120641474,0.05856492105571906,0.6581897047314716,0.02445495817969278,167.78833922576425,20.92346680180225,79.09334232093687,3.00421303253658,2.163181793379904,0.23087980641202852
predictions_OpenADMET_Phase2_KNN,TOPOTOR,KNN,HLM CLint,10,752.0,117.07567178417722,20.16918199185232,44.52537823668263,3.3315815089342515,0.20761159713196392,0.07544344159235472,0.4645019029563282,0.08239103550217725,0.596910660841558,0.028681913508089983,200.6938227969161,23.769565260722764,82.63929007188833,1.510599869921933,2.166356613795174,0.24419886757606127
predictions_OpenADMET_Phase2_KNN,MACCS,KNN,HLM CLint,10,752.0,120.29169880559326,17.411526946463535,45.99224764333341,2.578733773899523,0.152367362972236,0.14209005145846823,0.442064131224691,0.06905911866124421,0.5858454260212993,0.044051573010804396,187.28582752549158,24.457207991229872,83.88279705818863,2.942497080879448,2.2287581086459114,0.2017813258236715
predictions_OpenADMET_Phase2_KNN,AtomPair,KNN,KSOL,10,1026.0,80.1866680198103,1.3452964681198758,56.30488996723824,1.4577603333620808,0.5142506216769279,0.015361394149910248,0.7209299437408019,0.009556769566985165,0.7043618647669936,0.01053060889145634,77.68761339920067,8.707730596385408,64.61001653176528,2.440851022337887,0.551295225191684,0.01774525292860187
predictions_OpenADMET_Phase2_KNN,ECFP,KNN,KSOL,10,1026.0,82.67672318379218,1.5843749982963893,62.11185605274444,1.3891334590107276,0.48350149783910645,0.020849497725611153,0.6962604869002342,0.014589045792626489,0.6751859451972931,0.018124732032746345,80.93555668502884,10.863538592985108,69.15704969267561,1.3724560506436752,0.568312649671589,0.015172448567191462
predictions_OpenADMET_Phase2_KNN,MOL2VEC,KNN,KSOL,10,1026.0,83.52886363278928,1.8670866710505059,59.89860406409707,1.8158054923239364,0.47286138807888667,0.021405714085216306,0.692276235378018,0.013687929338230537,0.680170120641201,0.015306085485550697,79.7902650179044,9.023656762825551,67.20999363001609,2.4807496399909827,0.5741508034408406,0.015831240071149992
predictions_OpenADMET_Phase2_KNN,TOPOTOR,KNN,KSOL,10,1026.0,83.62180226626894,1.3605269427826234,61.84725537682035,1.1529624813638788,0.471719717543394,0.01691771842686869,0.6882359381915351,0.011600732810079525,0.6700981846948509,0.015123939008813862,83.01388250954517,9.523471820385941,68.5784765624647,1.6199449152668708,0.5747858035031419,0.013100174900290858
predictions_OpenADMET_Phase2_KNN,RDKitFP,KNN,KSOL,10,1026.0,84.30295746820927,1.5819801722907856,59.96150891190102,2.0783903397089443,0.46300988349670186,0.020820794235966975,0.6862123867731853,0.013879571346460291,0.6680376239904547,0.01538933300187749,80.518071319718,10.931127565753163,66.8093776692883,2.787767973550765,0.5796134898838581,0.01983782477056031
predictions_OpenADMET_Phase2_KNN,MACCS,KNN,KSOL,10,1026.0,88.35737361207153,2.013862924689139,63.45817085846751,2.864062155283412,0.4101429526825327,0.024615927819856578,0.6525562863282787,0.01606752733349594,0.6303551911259925,0.016698018796305693,82.68915377076559,13.438928903096913,69.2053632296685,3.3527861189300157,0.6073662554209922,0.017945087167309012
predictions_OpenADMET_Phase2_KNN,MOL2VEC,KNN,LogD,10,1008.0,0.5968783567848581,0.02930319273040264,0.42932158539799803,0.015862893229025156,0.746339709605257,0.01719696219888441,0.8645039975493425,0.010011712788352656,0.8559665960110017,0.009837755239120574,18.029638528330654,0.8304183776739619,29.093963389336174,1.4780968542871038,0.27671658731363796,0.014311065419290591
predictions_OpenADMET_Phase2_KNN,AtomPair,KNN,LogD,10,1008.0,0.6345899913774274,0.030433924844891005,0.458118484481784,0.01457901766415742,0.7133510885773898,0.01768523387303926,0.8454062586948915,0.010466837939517479,0.836241874807658,0.010547756794490897,19.408154665117088,0.7588256172549532,30.469965825217542,1.4178697930718531,0.2942211198049633,0.015329267675143251
predictions_OpenADMET_Phase2_KNN,MACCS,KNN,LogD,10,1008.0,0.6752698741297473,0.031063776930286887,0.4896185728024968,0.017807347955900065,0.6752201106653002,0.022176796685073125,0.8234090141549333,0.013070921726273405,0.8095607757917549,0.01264794068738488,20.52405645432267,0.7512972585733606,31.979652079037304,1.3602211163728632,0.3130601627385125,0.015323058899673057
predictions_OpenADMET_Phase2_KNN,ECFP,KNN,LogD,10,1008.0,0.6976420948625316,0.031054987801382397,0.5270206015774982,0.0242652469403044,0.6533027693378739,0.023697140774405663,0.8091446429166508,0.013828366387128215,0.7948818026789878,0.016557487517887597,22.20606074972884,1.02323631805133,34.00139380511998,1.5916469077704476,0.3233866226282547,0.014219134584660086
predictions_OpenADMET_Phase2_KNN,TOPOTOR,KNN,LogD,10,1008.0,0.7109901733687859,0.024672081943933576,0.5364960001831789,0.01616929068478254,0.6398976858295228,0.020975087393479617,0.8008673655512668,0.012009699677264925,0.7848976207598366,0.011955715203570033,22.13704813535222,0.7495904739854249,34.50455120460151,1.2449807642743194,0.32958803657618424,0.01161941748898329
predictions_OpenADMET_Phase2_KNN,RDKitFP,KNN,LogD,10,1008.0,0.7155212515452096,0.02148924778050141,0.5201402406949354,0.019101843696454186,0.6353129813450653,0.01866417284703357,0.7991076467495685,0.011603938843954336,0.789369596734274,0.011702507702661263,22.09307890379076,0.8331385756324298,34.09761104215491,1.6125023347176277,0.33170168481008655,0.01071060866098189
predictions_OpenADMET_Phase2_KNN,AtomPair,KNN,MLM CLint,10,905.0,797.0643244969721,59.57224295422989,386.0429652593106,16.260614931030723,0.3569946860878469,0.05672603768087459,0.6073874904138961,0.032475611542176284,0.7666058906112968,0.013833845600271717,142.1359022662138,10.897259524873105,74.70763742664573,2.042409197766562,1.4147948340056127,0.06887487584505146
predictions_OpenADMET_Phase2_KNN,RDKitFP,KNN,MLM CLint,10,905.0,806.4841901535382,75.18964848263698,394.3572452260893,22.51581239433437,0.3441701968368493,0.05074600107079319,0.5970001218806444,0.03581949803218896,0.7401327405037442,0.016377327314671536,156.32136172986145,13.74626325407487,77.80838346706021,1.5835978687993084,1.4306478365534938,0.09290256900687895
predictions_OpenADMET_Phase2_KNN,TOPOTOR,KNN,MLM CLint,10,905.0,810.5738037171689,66.41071718788726,402.3465764954259,20.897591292402392,0.3374484593970607,0.027052216188462416,0.5870107027466405,0.022545560439817793,0.7306238491421613,0.01720899728148178,168.2429213985497,9.734559360620935,79.62375305852369,1.1496150247623844,1.4388212897561048,0.08611498568837855
predictions_OpenADMET_Phase2_KNN,ECFP,KNN,MLM CLint,10,905.0,813.8334965799486,78.13100537338632,410.9866059280903,28.026492413280145,0.3319308198807492,0.0583014627612925,0.5820117713698734,0.0435307586475906,0.7265646784164213,0.01964745917954319,176.92866970633162,16.092740386875015,79.99231709087266,2.5516977406404644,1.4434439894027162,0.09494022164229139
predictions_OpenADMET_Phase2_KNN,MOL2VEC,KNN,MLM CLint,10,905.0,815.1687732194189,72.01536030018234,402.28749784598796,19.151414322757155,0.3305951012292537,0.0259868489515863,0.580000716760909,0.02318608393224726,0.7307832260117548,0.016934485735393145,157.9573118794936,15.319136791429568,78.0596234250051,1.737405359048282,1.4466294629379088,0.0932482528308531
predictions_OpenADMET_Phase2_KNN,MACCS,KNN,MLM CLint,10,905.0,879.7504912824706,56.74301502003075,446.7301735819974,21.939283558987473,0.2154247001442871,0.07085414861567317,0.4880564897349151,0.05129729023315979,0.6792532516956054,0.030519499838723447,192.52542905378067,21.197961421957697,84.15802200427267,2.685229517749637,1.5614953460850287,0.04607717038663365
predictions_OpenADMET_Phase4_FNN,RDKitFP,FNN,HLM CLint,5,752.0,105.03864769099576,4.16518728169207,43.16509802282094,6.551452482990772,0.31692279068044255,0.07634901225515192,0.5826670106894424,0.06262989639079389,0.5636129780654966,0.038515050460204266,174.98885971708938,76.02217497136192,87.04764033044572,9.78842574403019,1.9708194315908574,0.09748647107143903
predictions_OpenADMET_Phase4_FNN,AtomPair,FNN,HLM CLint,5,752.0,108.51461413004547,6.366009190080412,45.13805377745773,6.128952802165973,0.2745649961625122,0.03963822087098978,0.5437760331574353,0.042401719824727784,0.5954621253780462,0.0644335176257395,212.6034459074091,97.56028937050507,91.56321505351988,12.691954071060376,2.036023219617048,0.13375161026631321
predictions_OpenADMET_Phase4_FNN,MOL2VEC,FNN,HLM CLint,5,752.0,109.2554523967156,5.481462506284449,41.199602800468185,5.198549633947616,0.25972904527675567,0.10392812711160779,0.5571840379139256,0.025310156072094477,0.6325278939877487,0.048758597929264964,151.90367430792557,51.18191926672794,84.95350579925727,15.501528619959794,2.049710233066429,0.11481613608860096
predictions_OpenADMET_Phase4_FNN,ECFP,FNN,HLM CLint,5,752.0,109.75788957938478,8.41347246523702,47.48648378093331,5.669588910614536,0.25746997773498725,0.06962439436174914,0.5177668303378967,0.05640118733858707,0.5349130838650316,0.0482939142348921,228.0937871509734,46.94356582171912,99.27360468577663,8.901293661922715,2.0600359382321862,0.1786799176155282
predictions_OpenADMET_Phase4_FNN,TOPOTOR,FNN,HLM CLint,5,752.0,110.23986868004042,3.0266378644871073,44.171893201497866,6.397168786688558,0.24892840135350439,0.056792073394561576,0.5173071135261205,0.05716602124176316,0.5810081161234251,0.06026171185012639,197.4758344445754,67.3953291380122,90.38533304571968,10.335204133212034,2.0685782208644694,0.08886494940180184
predictions_OpenADMET_Phase4_FNN,MACCS,FNN,HLM CLint,5,752.0,110.82071042568664,12.297340124957108,43.34809975489023,3.2294250036723318,0.23282633602482009,0.1879126677966251,0.547066554891287,0.07799090098036202,0.5692759208031795,0.07280871585476634,185.7792423681407,70.89599817555478,86.47007457964682,9.776826699171922,2.0768365492146073,0.20783814372718315
predictions_OpenADMET_Phase4_FNN,MOL2VEC,FNN,KSOL,5,1026.0,78.71974274784628,1.5033059708366456,59.39760259759,2.2515076115198744,0.534350587023245,0.013992105991163893,0.7333433572678911,0.010034890208921158,0.7312813584018587,0.013651105592750989,75.15711622027149,8.586435758127285,70.25229387732838,0.9828057291885892,0.539661553347857,0.011835152091775334
predictions_OpenADMET_Phase4_FNN,RDKitFP,FNN,KSOL,5,1026.0,80.94840072212654,1.1729969825132662,61.00998018796954,1.2983474114225537,0.5074377116158496,0.0188348697105234,0.7158667926386377,0.012746077544312118,0.7069109598303578,0.019831559454248558,74.79499121105223,11.790209201416985,70.9698140992604,1.6397051842926635,0.5549316052023751,0.009340134094306698
predictions_OpenADMET_Phase4_FNN,ECFP,FNN,KSOL,5,1026.0,81.86439559363676,1.7599291724073662,62.475637711084104,1.321703518419552,0.49629072448947154,0.020451518196810542,0.7075944476587788,0.013639128856197759,0.7040329289813075,0.019324686165519297,75.43109325946459,10.695215662571936,70.00484117926796,2.206252994894795,0.5611424567828178,0.008591351387705996
predictions_OpenADMET_Phase4_FNN,AtomPair,FNN,KSOL,5,1026.0,83.23360956177477,1.7826213649496447,62.469929444274456,1.9210795702593333,0.4793850012838927,0.01843856672039305,0.6994366923923584,0.010817468757817385,0.690763776261196,0.013343767672096413,78.10089945462387,12.822185514919358,72.33802237375986,3.454268350305812,0.570624183232132,0.014694456215572142
predictions_OpenADMET_Phase4_FNN,TOPOTOR,FNN,KSOL,5,1026.0,83.42984444134764,1.9478676779968125,64.74029205853934,2.50117325549904,0.47671759418173404,0.02558825562001606,0.6913175711610275,0.018870168723758015,0.6909215808431985,0.02040973017583494,80.91521312766227,12.863022152258162,71.73859157555736,2.129542362280193,0.5719247292612513,0.013172797901580359
predictions_OpenADMET_Phase4_FNN,MACCS,FNN,KSOL,5,1026.0,83.64898900245007,1.5155542667518818,64.53749602230532,1.2749184356803593,0.4741332923470697,0.01805846557359013,0.6893671018978358,0.013523155876029966,0.6779641951323302,0.0170113105252322,80.73820911550591,14.647131598618635,71.73903856849775,2.4639293706872465,0.573451391356945,0.011826029781162494
predictions_OpenADMET_Phase4_FNN,MOL2VEC,FNN,LogD,5,1008.0,0.43425034773388604,0.03225195424689927,0.30518757425396453,0.011796658467755893,0.8653410203658071,0.013226729742813914,0.9309792896563014,0.007675639297081889,0.9301694105203042,0.0062273079732292754,13.136440528100184,0.6018976846924945,22.732603168159535,1.2690264550253563,0.19911569165804804,0.015332280240951556
predictions_OpenADMET_Phase4_FNN,ECFP,FNN,LogD,5,1008.0,0.5000488974333778,0.01371611081430353,0.35407181588725917,0.006451526832569694,0.8213213026651826,0.007843631181984924,0.9066752884701057,0.004189304427939412,0.9064921812447222,0.0050483476700410555,14.848091334002167,0.2531520073630043,25.28779825089495,0.9921352838959753,0.22927461340082528,0.007281816976559792
predictions_OpenADMET_Phase4_FNN,AtomPair,FNN,LogD,5,1008.0,0.5336373346173691,0.04803181192833479,0.37883580922223037,0.02733955236040244,0.7966658699314788,0.024856521816213523,0.8936384866023387,0.014132669569160218,0.8916532126569745,0.012202999218871496,16.197920117032005,1.2221346418428873,26.541001650574202,2.1530112478969783,0.2446770617753681,0.022456245796815634
predictions_OpenADMET_Phase4_FNN,TOPOTOR,FNN,LogD,5,1008.0,0.5750830533336991,0.042219335837274094,0.4084302382129762,0.022686513351666965,0.7638412566035925,0.02275114974532009,0.8762479114428594,0.015265075868826661,0.8798223961545956,0.014585116732320005,16.959037659051955,0.9871171046026613,28.915535219174775,2.2872570259326435,0.26369746563222746,0.02017772327539284
predictions_OpenADMET_Phase4_FNN,MACCS,FNN,LogD,5,1008.0,0.5992383804346323,0.04320440457083923,0.44695114680085446,0.0176254202795655,0.7437459132536297,0.022073968732022664,0.8629820517899326,0.012461793311357822,0.8512944276191108,0.008362618668878184,18.973175992823904,0.9004130097026711,29.8389556750411,1.922512082964686,0.2747493357786926,0.020282994384791378
predictions_OpenADMET_Phase4_FNN,RDKitFP,FNN,LogD,5,1008.0,0.6011378547417303,0.033957821954030694,0.4241017669865063,0.02509523512057575,0.7419961004099077,0.017353458045228982,0.8626127259679262,0.010432873417838662,0.8638070755824494,0.012375616996526706,17.601263415817257,0.6506625376885823,29.3786638652271,1.4044457628612017,0.27556949222163996,0.0150306868488955
predictions_OpenADMET_Phase4_FNN,AtomPair,FNN,MLM CLint,5,905.0,826.4288159753338,24.53242311335353,434.4186030390062,32.88103253816736,0.36117174353466974,0.03620927508776735,0.6063590717725054,0.026369599445567604,0.6805918162616755,0.03900818870610397,176.96379087004033,44.041406303341105,88.26601631556169,8.359459863898083,1.4439128755348,0.0417726184376215
predictions_OpenADMET_Phase4_FNN,MOL2VEC,FNN,MLM CLint,5,905.0,832.7950266891341,60.9049297573597,422.2784617440029,33.16431653433549,0.3525412859860496,0.055152409840802996,0.6076076362823738,0.035625226673328375,0.7135794296234084,0.044712871898516804,171.1665522883132,41.22363344212643,86.11847026277883,9.224335781438581,1.4545398383461703,0.09756581653250085
predictions_OpenADMET_Phase4_FNN,ECFP,FNN,MLM CLint,5,905.0,840.5546241772838,34.16622872018807,424.20224949064504,32.555712581435195,0.3398753142581995,0.02928457864104982,0.5867346744443716,0.02700941472443288,0.6955287841640081,0.04096853134433936,166.52034252155045,34.611633695632335,84.04583753358075,7.598444788165226,1.468520132729794,0.05694643221539437
predictions_OpenADMET_Phase4_FNN,RDKitFP,FNN,MLM CLint,5,905.0,845.2391854652087,37.643347166813555,438.51403846130216,25.376695522299052,0.33215952463275095,0.04107187495539742,0.5902552764094862,0.023562457390445685,0.6659440615285526,0.025209240230862878,193.65619464390687,36.42557048280221,89.7240092895757,8.309675537801787,1.4769441691626404,0.06955023767775936
predictions_OpenADMET_Phase4_FNN,TOPOTOR,FNN,MLM CLint,5,905.0,880.9981119182601,50.68488354245262,453.5987285406112,22.211134804313588,0.27618680583790955,0.01680373130166421,0.5379281586084732,0.019161989472975392,0.6535099405862501,0.03951433790893257,190.56149629365538,29.90959408240128,87.73072972653048,4.769241863805445,1.5387424599739077,0.07655749966042051
predictions_OpenADMET_Phase4_FNN,MACCS,FNN,MLM CLint,5,905.0,932.5599940414183,80.1904664625028,464.0082413898252,36.06773901777466,0.17574210895331205,0.19703678609777892,0.49607946976496653,0.06172983375142403,0.6650191567831404,0.029310201592044473,195.7461448910673,64.26083193880528,88.32152961815241,4.253328555328852,1.6299382782975247,0.1499642741046853
predictions_OpenADMET_Phase5_RemainingTargets,MOL2VEC,FNN,Caco-2 Permeability Efflux,5,433.0,7.9138802634296805,0.6754342932008447,2.8578272723612,0.2991021651458727,0.37809589720342035,0.10278585702980776,0.6244286766176378,0.0891808701343081,0.6214021167728522,0.03305149750816701,70.04990743713937,16.789343377086865,56.23887831596318,12.27956044237503,1.8175874811479318,0.12644839637838026
predictions_OpenADMET_Phase5_RemainingTargets,MACCS,XGBoost,Caco-2 Permeability Efflux,5,433.0,8.314142466149951,0.8949629068385058,3.344024973699457,0.3173163501208556,0.31267907917104487,0.13397248610549195,0.5616246262300931,0.13556304150444348,0.5023430370252696,0.03814216187757958,93.81420448181244,8.738000453844567,67.0058172545158,6.405930534721138,1.9076734603048542,0.15911853447969493
predictions_OpenADMET_Phase5_RemainingTargets,RDKitFP,FNN,Caco-2 Permeability Efflux,5,433.0,8.34834556179462,0.7940284991356953,3.166224765207696,0.4556649460650856,0.3067482961369607,0.13469882054914395,0.5655408052758739,0.11992146200520667,0.5246394810602172,0.03685288281532909,83.8600704691376,21.524494340333366,66.91658846337354,17.91834555257008,1.9156810251317153,0.13033474202939763
predictions_OpenADMET_Phase5_RemainingTargets,RDKitFP,XGBoost,Caco-2 Permeability Efflux,5,433.0,8.481218620360973,0.8684791339371009,3.3544348098951593,0.3179052013383799,0.28179844774995316,0.1640395025676347,0.5440801860653499,0.14638128023200936,0.5064411433151824,0.026130129553073526,94.26098867021207,5.77942123218507,64.97096787704444,6.038016225079261,1.9464768688428715,0.15642155659917095
predictions_OpenADMET_Phase5_RemainingTargets,ECFP,XGBoost,Caco-2 Permeability Efflux,5,433.0,8.563706715693758,0.7236188770725227,3.1858881253308295,0.2595388086416606,0.2741867363767868,0.0960484034134898,0.5309100908180833,0.10330961692871939,0.5132256021523652,0.03775186358830482,78.59042762199275,9.428954643225586,63.10402008527201,5.470224712477248,1.9653071410530618,0.10325010289112566
predictions_OpenADMET_Phase5_RemainingTargets,MOL2VEC,XGBoost,Caco-2 Permeability Efflux,5,433.0,8.566938234888777,0.5854495916163253,3.35898723124742,0.24596928308926763,0.273893839914079,0.0775224878464894,0.5234623384377131,0.0780667630033376,0.5779124522871575,0.0172387777159196,98.08437813528958,12.04126230585079,59.05371866668435,3.1228459929256407,1.9672603204969608,0.08227292627189782
predictions_OpenADMET_Phase5_RemainingTargets,ECFP,FNN,Caco-2 Permeability Efflux,5,433.0,8.548276485440864,0.7073252850214691,3.426777635664333,0.3140878631505974,0.27372899068146683,0.1245416571261844,0.5376895875933199,0.09472879419043027,0.5480907295038617,0.03155111877866145,100.5050898379237,30.847887020365263,70.78454108551402,18.94476796659698,1.963440973324594,0.13452126261724145
predictions_OpenADMET_Phase5_RemainingTargets,AtomPair,FNN,Caco-2 Permeability Efflux,5,433.0,8.565319094461683,0.8832192801808251,3.454541251985636,0.4124583528263048,0.2730424896906777,0.1211902933870591,0.5280127551398515,0.11329537415094927,0.5185150816916148,0.03466980703641721,105.34246402406136,18.555724916915096,81.62025846393901,19.52880195405127,1.9650314161435987,0.1477256164717472
predictions_OpenADMET_Phase5_RemainingTargets,TOPOTOR,FNN,Caco-2 Permeability Efflux,5,433.0,8.578800276659399,0.9138767085152221,3.5783238510075295,0.37289963619104477,0.26926692285487264,0.13621736860841893,0.534558494236287,0.1163279807112846,0.5288780850442729,0.04819804044315441,109.44002008019329,23.529355278215586,79.20331094147129,17.32958029217004,1.9684593789648617,0.16104490943282848
predictions_OpenADMET_Phase5_RemainingTargets,AtomPair,XGBoost,Caco-2 Permeability Efflux,5,433.0,8.597579800785883,0.7818466519948781,3.2965688069168193,0.1891264264597625,0.2656968432388973,0.12644751910597404,0.5132377102615276,0.1185331077709198,0.5248915863405731,0.036784391350483114,90.45977936935556,6.7827569126128315,62.21904978376443,3.3901260341705366,1.9738023256495576,0.1382269515859123
predictions_OpenADMET_Phase5_RemainingTargets,ECFP,KNN,Caco-2 Permeability Efflux,5,433.0,8.694926347559612,0.9762475051290787,3.1332910748305536,0.3550537654501262,0.24846192041183493,0.15457192426196112,0.5109932544585851,0.13966840832382127,0.5888486380601058,0.03903263009609802,78.32992597885183,4.188858965783127,54.04892749807707,2.2349121317702014,1.9936270798420157,0.16089960736733314
predictions_OpenADMET_Phase5_RemainingTargets,MACCS,KNN,Caco-2 Permeability Efflux,5,433.0,8.721192425733756,0.9081589309707843,3.363107644629584,0.35575822761330306,0.24312590969607656,0.1543157056726819,0.5091051777569949,0.13107896407469077,0.5566438027234565,0.04040861589930587,91.8521591700464,11.693477249841115,56.13944839743127,2.324294433575491,2.0015083997258376,0.16569674133685874
predictions_OpenADMET_Phase5_RemainingTargets,MOL2VEC,KNN,Caco-2 Permeability Efflux,5,433.0,8.743941818529343,0.9788140774164172,3.1401539530449774,0.21972119633170972,0.23867795767459202,0.16431553128274143,0.4861029781755429,0.16600413850599396,0.6108435792238875,0.04147977572751928,77.03161745406958,5.201606931535746,51.866878539683476,2.4183413780724208,2.0059775540604816,0.17492520148955867
predictions_OpenADMET_Phase5_RemainingTargets,MACCS,FNN,Caco-2 Permeability Efflux,5,433.0,8.756511738979444,0.8624484711731994,3.1402842967625855,0.37010361152176835,0.23795744964893725,0.13268069370217855,0.5256744041930862,0.09818084163123054,0.49867821925844236,0.03539415317520805,73.46016201292916,23.08970395848334,56.44587307360642,5.033202857537191,2.012012358528355,0.18845882435902156
predictions_OpenADMET_Phase5_RemainingTargets,AtomPair,KNN,Caco-2 Permeability Efflux,5,433.0,8.75663606196874,1.020582619770492,3.1636135315493426,0.3259592728922689,0.23772174725333706,0.15962671026755723,0.4845295289520794,0.16457234171956442,0.5568260458412049,0.02863862782032045,80.52589509021212,5.503668852776784,54.99038830095329,3.3224664386485108,2.0075693375873143,0.16918784766235656
predictions_OpenADMET_Phase5_RemainingTargets,MOL2VEC,ElasticNet,Caco-2 Permeability Efflux,5,433.0,8.789030243280925,0.7558690246162122,4.172656154099569,0.3444855957972113,0.23413304094047271,0.11613748040754328,0.4890322748673829,0.10982371577886976,0.5221991881519983,0.046327836871909396,148.56187229940684,9.291886282543615,103.46744128821676,4.710672856390033,2.018004728796623,0.13097419767006852
predictions_OpenADMET_Phase5_RemainingTargets,ECFP,ElasticNet,Caco-2 Permeability Efflux,5,433.0,8.847652341006718,0.7034580577830123,3.788039125389001,0.2879574058682625,0.22483765011193024,0.1032684813971532,0.4824916854003279,0.11595714776732477,0.43837623670475656,0.04992522136196783,115.78526006980823,9.366461762865224,83.10497015689455,8.354086158996527,2.0307171655449516,0.09629568877425636
predictions_OpenADMET_Phase5_RemainingTargets,TOPOTOR,XGBoost,Caco-2 Permeability Efflux,5,433.0,8.8587705858873,0.8027580713224726,3.4301671010881107,0.25876932522459534,0.22220445215873208,0.12005427548536288,0.4817068380675152,0.14756335528426642,0.46340674991444775,0.0858974627804887,94.3208501391786,4.03373249068101,68.76956233868933,8.398829374149075,2.032898117295201,0.12444772860017617
predictions_OpenADMET_Phase5_RemainingTargets,RDKitFP,ElasticNet,Caco-2 Permeability Efflux,5,433.0,8.902123803062128,0.5926179859947289,3.9467679951642483,0.16767260952869553,0.2158263797034139,0.08468350043056043,0.4718603289445916,0.09234038115703075,0.4315556865976486,0.025175940623370335,130.0421016457759,10.252631446591701,93.40980213950922,3.4387385750285717,2.044487208153315,0.0871280715191386
predictions_OpenADMET_Phase5_RemainingTargets,TOPOTOR,KNN,Caco-2 Permeability Efflux,5,433.0,8.939071719028934,0.8888581200731931,3.1528778438410385,0.4064743983425161,0.20482170439789754,0.15961468654895902,0.4714112863013953,0.1359568957750463,0.5839038904061915,0.021642110346769616,79.43321909742326,4.178576737326669,53.196302022090286,2.892624385869469,2.0513389032491913,0.15361401520062276
predictions_OpenADMET_Phase5_RemainingTargets,TOPOTOR,ElasticNet,Caco-2 Permeability Efflux,5,433.0,8.981982748096694,0.7407291953517067,3.903295839501461,0.28667606725054484,0.20107208988882946,0.11014871296156828,0.45749984789906895,0.10999522134009994,0.4549263705730856,0.02637704915860414,126.18700035162001,10.506578975220265,88.6624093113204,5.222700389671382,2.061247273939917,0.10072770793307761
predictions_OpenADMET_Phase5_RemainingTargets,RDKitFP,KNN,Caco-2 Permeability Efflux,5,433.0,8.977303926023572,0.7175786560381258,3.4319907974527317,0.28175063656195076,0.1985625626587208,0.14095493312625448,0.4546645968469337,0.13380311022710026,0.5413535250672558,0.036927683535097615,97.1534160113019,10.58033890844746,58.21124823480752,3.303077317923717,2.0616949103948654,0.12800644357313043
predictions_OpenADMET_Phase5_RemainingTargets,AtomPair,ElasticNet,Caco-2 Permeability Efflux,5,433.0,9.027807742447607,0.904165963367721,3.8973512477450476,0.2571458918699652,0.19182167820180104,0.13946841695994733,0.4506435951702608,0.13158493735457788,0.4338202661304395,0.021898756092362037,123.08514693760385,6.928161449944778,89.2216970362723,6.565121422365578,2.0703874624018903,0.13390935110780408
predictions_OpenADMET_Phase5_RemainingTargets,MACCS,ElasticNet,Caco-2 Permeability Efflux,5,433.0,9.240439102442105,0.6122435751020362,4.069998235482998,0.2040377384738843,0.15599553287076193,0.07913648345091878,0.4007142849649858,0.10441232156386475,0.38703852860930066,0.0674506633589871,131.62954721506225,5.088676043924555,91.85329544284613,2.958310748250052,2.1215702980543347,0.06913214705548995
predictions_OpenADMET_Phase5_RemainingTargets,MOL2VEC,FNN,Caco-2 Permeability Papp A>B,5,432.0,7.376461818907387,0.5593994745392191,5.432006859414557,0.41689971196149844,0.524682464530094,0.06919074570685707,0.736240313175721,0.03622944936967634,0.7590500318770785,0.01943103821193448,87.5317417840398,8.912761079580427,60.762390819398526,3.2739685521029602,0.6031919221636306,0.03157405164842951
predictions_OpenADMET_Phase5_RemainingTargets,MOL2VEC,XGBoost,Caco-2 Permeability Papp A>B,5,432.0,7.619064175150726,0.03879974878671292,5.762454750265789,0.0940188260267434,0.49419154431390855,0.022662599178348678,0.7049854168479615,0.016360176853459446,0.7102835923910134,0.013906866082277295,97.92811879728383,7.215767416637259,60.8499570509692,1.7505125534140125,0.6240986006231333,0.023678067836155555
predictions_OpenADMET_Phase5_RemainingTargets,AtomPair,XGBoost,Caco-2 Permeability Papp A>B,5,432.0,7.7275620392942725,0.11464209784154333,5.835189090920819,0.16594324942394095,0.47971055207524127,0.02479549544388553,0.6963575844209566,0.01860726396210722,0.7014334297959908,0.01523597306833622,99.42461864465966,10.041092961053813,61.890216343665884,1.9136231785944295,0.6328415153431108,0.020592704973082944
predictions_OpenADMET_Phase5_RemainingTargets,RDKitFP,XGBoost,Caco-2 Permeability Papp A>B,5,432.0,7.808607529153372,0.2852878142125607,5.878791217596442,0.2549271604784364,0.4685573804581925,0.03915512618363635,0.6863172987813566,0.027292151036061495,0.6857863244601858,0.01655686284204473,100.73104947626618,9.327526122975488,61.65837419937672,2.6950179403683157,0.6395463654201101,0.03203055698222634
predictions_OpenADMET_Phase5_RemainingTargets,AtomPair,FNN,Caco-2 Permeability Papp A>B,5,432.0,7.871091953909949,0.23738039294918087,5.8851537319890195,0.1674042333001491,0.4599112202899425,0.038586754261394,0.6844214923677263,0.02637746878153986,0.6858616809613316,0.02054241900345098,99.70575621336452,7.660946197956177,63.37406810346348,1.9141445442928369,0.6442373363585597,0.011916654700840522
predictions_OpenADMET_Phase5_RemainingTargets,MOL2VEC,KNN,Caco-2 Permeability Papp A>B,5,432.0,7.973126226588843,0.26880746971620506,6.012331703521672,0.2470632832363142,0.44618085607936103,0.03418844042934155,0.6735478019832353,0.02417554499292437,0.6757025568401713,0.019796405054278095,103.89638976724011,7.636481680692576,61.85780282652763,1.8916290909343605,0.6528771359779362,0.027124578694818796
predictions_OpenADMET_Phase5_RemainingTargets,ECFP,XGBoost,Caco-2 Permeability Papp A>B,5,432.0,8.001778370258751,0.2909110925764597,5.8873647463745264,0.2375996881578493,0.4422439777615573,0.03594781398688049,0.6697860467828071,0.028222724399709628,0.6883486788616142,0.021676848468804764,98.87334724006469,5.221866323744738,62.241140520922315,1.0405519518422153,0.6549901877510181,0.020235687749526464
predictions_OpenADMET_Phase5_RemainingTargets,RDKitFP,FNN,Caco-2 Permeability Papp A>B,5,432.0,8.090353477842578,0.357922547310605,6.0559794945363645,0.3028386371658348,0.4295025525136163,0.04686455236473127,0.6607667597685412,0.03059119000174487,0.652738339969653,0.02398527093178212,103.67896321494834,8.77381692287814,63.48599824494342,2.1550069592065704,0.6622374936724809,0.02655270368615353
predictions_OpenADMET_Phase5_RemainingTargets,MACCS,XGBoost,Caco-2 Permeability Papp A>B,5,432.0,8.101431223685527,0.2809785749337625,5.977521844615401,0.2165087070174333,0.4286025917830824,0.027203579462280726,0.656637825763583,0.020059625658197112,0.6792150706503917,0.014013059716848172,99.90819327883203,6.894685926311886,62.784239930292,1.3865420493134957,0.6630974257967839,0.01690962415271691
predictions_OpenADMET_Phase5_RemainingTargets,AtomPair,KNN,Caco-2 Permeability Papp A>B,5,432.0,8.174568848211635,0.23991123352524168,6.195283854842918,0.23976488316413913,0.4178839782332374,0.03269153338491785,0.6599208821049155,0.025358318425378282,0.658531187573119,0.02045182049139477,112.85352000688788,10.689805975623843,62.7904064083145,1.8689918982448293,0.6695561927106214,0.031011818713224715
predictions_OpenADMET_Phase5_RemainingTargets,TOPOTOR,XGBoost,Caco-2 Permeability Papp A>B,5,432.0,8.198665944139414,0.26877584368191815,6.231551745743042,0.15533259246801434,0.41450668539094127,0.034135895163883934,0.648806480304591,0.01992171318411022,0.6577361940539742,0.019012128462279586,108.33141288319739,6.173272384088589,65.03110357770058,1.3474516045966358,0.6713114767339333,0.02585280953000901
predictions_OpenADMET_Phase5_RemainingTargets,RDKitFP,KNN,Caco-2 Permeability Papp A>B,5,432.0,8.261745290702494,0.2696542117357168,6.255555573162425,0.2196408004883827,0.4052360443514805,0.038956518751441765,0.6413576396762449,0.026646336709643406,0.642521436380647,0.014269506070156656,108.09148087694612,8.561149843674631,63.73748674365962,1.9003861936820965,0.6767623679774702,0.03446797093168011
predictions_OpenADMET_Phase5_RemainingTargets,ECFP,FNN,Caco-2 Permeability Papp A>B,5,432.0,8.294787600833265,0.2612664148108538,6.212988424027476,0.2172212694268019,0.40022011324494394,0.04335240902141812,0.6393669784100732,0.02635150382524127,0.6387965915064748,0.02703492054669045,103.61382200747114,3.6339646904368315,65.02627156978822,2.152537051963516,0.6789721265404034,0.01693713604650934
predictions_OpenADMET_Phase5_RemainingTargets,AtomPair,ElasticNet,Caco-2 Permeability Papp A>B,5,432.0,8.368079741347646,0.18100935749951932,6.525134557968459,0.14916521308712555,0.39016076847665904,0.024957957127975536,0.6265845314404549,0.020151686393651152,0.6316302567479409,0.015779161719225648,118.54610282843143,10.277815564670092,69.2900665224258,2.15266162945505,0.685365714426952,0.027203452439278172
predictions_OpenADMET_Phase5_RemainingTargets,MACCS,FNN,Caco-2 Permeability Papp A>B,5,432.0,8.44287936744077,0.353751359848135,6.043710851200201,0.25702694886737293,0.3789598631892896,0.04577647048674753,0.6315415104107458,0.027983892381520693,0.6622776501150109,0.0242956065359095,89.05390432227016,9.756105696510414,62.8680133941672,2.1104813032365204,0.6908693448022187,0.01630287519324975
predictions_OpenADMET_Phase5_RemainingTargets,MOL2VEC,ElasticNet,Caco-2 Permeability Papp A>B,5,432.0,8.509814172400237,0.2811720604460316,6.668091612904161,0.2219331949365739,0.36978842513536225,0.0205971087787779,0.6103038583127223,0.016716290130739178,0.630759211924337,0.017512883586053973,123.72752318788416,6.294413287280234,71.41347729666018,2.8468055741919187,0.6967746438734272,0.026464108598037175
predictions_OpenADMET_Phase5_RemainingTargets,RDKitFP,ElasticNet,Caco-2 Permeability Papp A>B,5,432.0,8.511264148066209,0.24775588345874558,6.538403182106731,0.22513045080061808,0.3691219176728791,0.03114470465827185,0.6111414307671642,0.026075604648705408,0.6090110214909865,0.024207847253819702,117.17933434275842,7.515351845588949,67.87692128409131,1.1571499797624405,0.6967527464742728,0.018487808543971418
predictions_OpenADMET_Phase5_RemainingTargets,TOPOTOR,FNN,Caco-2 Permeability Papp A>B,5,432.0,8.534760587016205,0.25754378691464525,6.396621830804066,0.2101787218967041,0.3648803663329098,0.04712219492207467,0.6220552198918655,0.02761002123659799,0.6314080402340216,0.03098943545401417,106.70005626679968,5.540857079094096,68.09871903673704,3.1335148280626064,0.6985485762077568,0.0127609233203405
predictions_OpenADMET_Phase5_RemainingTargets,ECFP,KNN,Caco-2 Permeability Papp A>B,5,432.0,8.603602039309667,0.4648069078396463,6.5176985908691165,0.36027925636713387,0.3547402206961416,0.06158693405691304,0.6173727228911842,0.046254532549771785,0.6151285565975975,0.04151733322243397,119.2086591999063,5.212582354767613,64.62037443902041,2.274256076880844,0.704393398216463,0.0389624551852042
predictions_OpenADMET_Phase5_RemainingTargets,ECFP,ElasticNet,Caco-2 Permeability Papp A>B,5,432.0,8.644166247660399,0.16951310259406402,6.652946715195876,0.1390009203334631,0.34928223895708455,0.024435186224200652,0.5931340225837681,0.021531885086057082,0.606897095200899,0.01599121023802904,119.03926771855609,7.027760416750869,69.29797607636867,1.3200550365253687,0.7078359767711113,0.022082923304182822
predictions_OpenADMET_Phase5_RemainingTargets,MACCS,KNN,Caco-2 Permeability Papp A>B,5,432.0,8.690691415692879,0.29845497828553763,6.430091034918171,0.24915871125141192,0.3424976630069326,0.029738766188771765,0.5994827651437987,0.022312913276086963,0.6251597679583294,0.020612639942673882,107.3183805175591,14.413206489310403,64.48095417227489,3.4751404837599424,0.7118119234490404,0.034658186376456596
predictions_OpenADMET_Phase5_RemainingTargets,TOPOTOR,KNN,Caco-2 Permeability Papp A>B,5,432.0,8.799410786692684,0.34583241372543666,6.779625964751993,0.2876342585931454,0.3259606088529868,0.03525142431391851,0.5805627207880135,0.033404389006734224,0.5790946277111537,0.04172469563207539,122.85099880613669,7.787956925244538,66.95405624039323,1.6275700302628358,0.7202793827202675,0.024608449960020998
predictions_OpenADMET_Phase5_RemainingTargets,TOPOTOR,ElasticNet,Caco-2 Permeability Papp A>B,5,432.0,8.835033639231968,0.20730226258314874,6.998361128665778,0.14505074821319386,0.3206238220367183,0.010750559089627812,0.5683178603760665,0.01012260178046051,0.5803455962983878,0.02785638764896068,125.46787633616205,9.389359277757016,71.386329708589,1.3060532121936699,0.7235068009492484,0.02574680717333764
predictions_OpenADMET_Phase5_RemainingTargets,MACCS,ElasticNet,Caco-2 Permeability Papp A>B,5,432.0,9.34032124529915,0.15119062400030764,7.4388535779000975,0.16661821347407682,0.24051616866566666,0.012269367644743725,0.49218153977986195,0.012916347606733714,0.5146305724620468,0.00873640735093069,132.8588551061951,11.657599912438258,73.90198407295898,1.0907487125870656,0.7649280141385769,0.025613053207020772
predictions_OpenADMET_Phase5_RemainingTargets,MOL2VEC,FNN,MBPB,5,195.0,7.04037636133054,0.8409858120273298,3.760547806550907,0.387772703532175,0.5906691214811695,0.12049920748799318,0.7853731132780937,0.05973105513964238,0.81312623451386,0.035076449460312735,66.05526694027068,6.7510735519756855,61.64495601267272,5.0925280435811295,0.962284221162309,0.08655864476947453
predictions_OpenADMET_Phase5_RemainingTargets,AtomPair,FNN,MBPB,5,195.0,7.59387460782542,1.1230352893331743,4.410661547739688,0.20903370163683185,0.539646942179512,0.06646461797074957,0.7382533799598383,0.04585227839628282,0.7339957450180975,0.04930614281289168,92.52760774275598,10.31706400460714,79.20234483696439,10.979837485820184,1.0380504291710715,0.13663999102552962
predictions_OpenADMET_Phase5_RemainingTargets,RDKitFP,FNN,MBPB,5,195.0,7.7030779769066395,1.1127602488060488,3.936005868809345,0.16418904033190304,0.5227919788200132,0.08617797021487374,0.7306883155070469,0.06080997702071248,0.7780843626311665,0.022932066310726733,72.89509868668172,5.028351522005608,65.41089415518614,3.6163485212227577,1.0536933755568159,0.139732576394069
predictions_OpenADMET_Phase5_RemainingTargets,AtomPair,XGBoost,MBPB,5,195.0,7.789375260554705,1.3684968953303005,4.418914799719781,0.3007209534904389,0.5153511533824233,0.08780140517659575,0.7200421277339981,0.06350175386125971,0.7279615990940863,0.03530828221696201,90.51517051433014,8.497344494407393,71.96326157079426,6.541868733243638,1.063620165303727,0.15763208487877373
predictions_OpenADMET_Phase5_RemainingTargets,ECFP,FNN,MBPB,5,195.0,8.01402369361212,1.220254305108745,4.494338093068049,0.2840952062108079,0.4905588588293222,0.04714041097080565,0.7088240545650448,0.03580747251775027,0.7366499661794483,0.03202046345257144,93.59846442786342,8.0829030616786,75.01472496069431,8.329616190397276,1.094081413968981,0.13486526240283178
predictions_OpenADMET_Phase5_RemainingTargets,MACCS,FNN,MBPB,5,195.0,7.9348362510778045,0.4846893636617111,4.601820492327214,0.4893174341050477,0.4839199914826985,0.11639273410261779,0.715116871605265,0.061901647715680165,0.7056752092108538,0.04920520831835067,91.48796551793477,24.863955352390747,79.53185616481876,18.642256882433383,1.0871622152484444,0.07303603681629822
predictions_OpenADMET_Phase5_RemainingTargets,AtomPair,KNN,MBPB,5,195.0,8.017808062899528,0.9097339803419521,4.451965506005209,0.12813958869578645,0.4829961718914584,0.07747080566728463,0.7103067654931539,0.04162614820514524,0.7428795788970064,0.04514081618123612,86.27740645199647,3.4719569383838835,65.57020758019591,2.9042968610143003,1.0954532396570589,0.09124526517465159
predictions_OpenADMET_Phase5_RemainingTargets,TOPOTOR,FNN,MBPB,5,195.0,8.015593543408968,0.8283082962654614,4.49544233279786,0.3394169496896774,0.48297571155617736,0.07077894494288607,0.7117635503144435,0.037954250588064405,0.7337673793538434,0.0319709602305219,97.79126584847913,12.335863081026323,78.7077416074557,7.3073906664657695,1.0963486479953213,0.09699586335229378
predictions_OpenADMET_Phase5_RemainingTargets,TOPOTOR,XGBoost,MBPB,5,195.0,8.091615815477747,0.768554717933268,4.5435940133989625,0.22992498824598528,0.47164996278261945,0.07676955621516816,0.7056465284769302,0.034860361302960136,0.7185374866569709,0.03862685323296224,87.15800412786702,10.852392723228528,76.50483687753866,9.00940639134623,1.106479413676054,0.07698976499881625
predictions_OpenADMET_Phase5_RemainingTargets,MOL2VEC,ElasticNet,MBPB,5,195.0,8.18176627306319,1.113341129769699,5.240726750212449,0.4103715589456594,0.46541149286359856,0.06678153053780467,0.6898504804951989,0.03842189358116183,0.7667946169291581,0.03775290011866418,122.41926156556038,8.519890269666849,92.16083820769998,3.704437514507019,1.1174006012794084,0.11658459241846078
predictions_OpenADMET_Phase5_RemainingTargets,MOL2VEC,XGBoost,MBPB,5,195.0,8.21080112565019,1.0690400217925078,4.501914912248651,0.2463350367447194,0.4634443095008491,0.03133784575484251,0.690917608167451,0.024560221396204705,0.7547660373479516,0.021776320413614436,92.32115522495458,5.52883373754588,69.4794589350405,3.2872132084857424,1.1202470404865106,0.09346447578100867
predictions_OpenADMET_Phase5_RemainingTargets,AtomPair,ElasticNet,MBPB,5,195.0,8.259064291033331,1.2347277980846558,4.920016741449202,0.316162671331528,0.45953297425871237,0.03828122534957263,0.6908536102164741,0.03374436368580541,0.682796803553072,0.05596748042875973,103.28603598580553,8.661270232410256,83.66525395911205,4.643882230608097,1.127261990182038,0.1341735759469879
predictions_OpenADMET_Phase5_RemainingTargets,MOL2VEC,KNN,MBPB,5,195.0,8.26888390803936,1.289252224826483,4.511135835042787,0.22343038449362507,0.4584096599183473,0.04740670836060221,0.6803486434137447,0.03580655475308666,0.7158501868574924,0.05603294329435922,88.01197626918713,6.420848180118934,68.4786037568784,3.5031990661026606,1.128559265887932,0.14238541580946534
predictions_OpenADMET_Phase5_RemainingTargets,RDKitFP,XGBoost,MBPB,5,195.0,8.270084640445756,0.923460838143351,4.364490446148163,0.19375841702121172,0.4517247726937894,0.06152725820147889,0.683545300841575,0.04576365788960896,0.7385331572072479,0.06741062025883503,83.67729637440891,7.606627891432725,68.15919967288815,5.647490753466154,1.130755860714658,0.10394374197445974
predictions_OpenADMET_Phase5_RemainingTargets,MACCS,XGBoost,MBPB,5,195.0,8.227464408565456,0.7719725966426341,4.8463981921376895,0.45607572408962743,0.4394478550878967,0.16698038532147097,0.6993379579086499,0.0832591619233805,0.6746581436261561,0.03459396126164168,103.47946999158103,9.90766595170733,73.55463148343128,3.700946707389327,1.1240556564277298,0.05846350716951046
predictions_OpenADMET_Phase5_RemainingTargets,RDKitFP,ElasticNet,MBPB,5,195.0,8.365639053101955,1.173520388492978,4.781706727649594,0.2758183285057029,0.4382787733776615,0.09760939617122076,0.6703501169320201,0.0677268358105453,0.7116083956079707,0.04670226130453038,101.20069378656994,11.535518586235964,83.5037459168292,6.395878318135184,1.1439941359035093,0.14292601580776249
predictions_OpenADMET_Phase5_RemainingTargets,ECFP,XGBoost,MBPB,5,195.0,8.446479740982593,1.3907931717138327,4.543768452341856,0.297380421386994,0.43444341183800805,0.07321015234246449,0.6596855718683765,0.05628431492287749,0.7171528284134372,0.034940707701332674,85.80770568478374,6.825120105141573,75.14821073697485,6.207217593500647,1.1535061181436244,0.1657627898082687
predictions_OpenADMET_Phase5_RemainingTargets,TOPOTOR,KNN,MBPB,5,195.0,8.479165699451684,1.187230044527134,4.489982207246415,0.20755670949836777,0.4269365112489451,0.06284832973495721,0.6647080641575223,0.03746347280670595,0.7023850768748017,0.05343301330950229,82.40210151363739,3.3704781064002445,67.87913970714126,3.778223719005226,1.1570397177192715,0.11670764590983622
predictions_OpenADMET_Phase5_RemainingTargets,RDKitFP,KNN,MBPB,5,195.0,8.63303390258276,1.2733958746331062,4.368959928667275,0.13957048725010124,0.40748402711986326,0.0639015455820616,0.6420909782658678,0.04674043535193217,0.6930576884104115,0.0714789310621564,72.43071206558886,6.234280121226749,64.638857532257,6.10336977710168,1.1792995939443833,0.1469198802140725
predictions_OpenADMET_Phase5_RemainingTargets,ECFP,KNN,MBPB,5,195.0,8.715681211259554,1.2306721981965045,4.80161562844995,0.15649769719165504,0.3973802786202211,0.021187905490925835,0.6397489745152267,0.022571982874535136,0.680509639896145,0.07865685918486101,88.37149820054232,6.776220532164817,70.91286268652995,6.240838562483355,1.1887588563665683,0.11388756954802177
predictions_OpenADMET_Phase5_RemainingTargets,TOPOTOR,ElasticNet,MBPB,5,195.0,8.670555257809395,0.9918756254730469,5.297036228992511,0.25397612923410745,0.3972959890691906,0.07272179611254172,0.6362670478324314,0.05451994219889528,0.6428182165248175,0.03571586550139022,121.11809149273297,7.015906887790966,90.12359854977419,5.26603211665993,1.1859185114357684,0.12048719769663327
predictions_OpenADMET_Phase5_RemainingTargets,ECFP,ElasticNet,MBPB,5,195.0,9.020674959048844,1.2894962169240551,5.218079940217394,0.35577916267476056,0.35075259640621165,0.08473005348323377,0.6052767213114078,0.06761988760886048,0.6741050694540892,0.0393118636148464,112.20587071154202,11.01050540700723,88.10442350987027,5.10689736354865,1.231266974625477,0.13624839827113433
predictions_OpenADMET_Phase5_RemainingTargets,MACCS,KNN,MBPB,5,195.0,9.030510177983022,1.0911046046792094,4.936749643495665,0.2649387799979058,0.3468957565199499,0.07364079044097294,0.6257429763161655,0.04496806794672652,0.6521107775032511,0.031778432084075096,97.12225825657967,7.366832629769126,71.82535102766802,3.0553483894967775,1.2326645228391973,0.09149152910598789
predictions_OpenADMET_Phase5_RemainingTargets,MACCS,ElasticNet,MBPB,5,195.0,9.123751327182324,1.1536096237118678,5.915485382492468,0.3999652905318094,0.33720135583173216,0.03582690765753515,0.5893336518759629,0.02263487930557064,0.5954299526536254,0.024996158992274833,135.6678481602412,12.299034628387146,98.42212997256081,4.508483350009963,1.245382256467036,0.1072331719870777
predictions_OpenADMET_Phase5_RemainingTargets,MOL2VEC,XGBoost,MGMB,5,45.0,7.573367910726776,1.870665363675469,4.586325454365625,0.9132900438552322,0.37215937185058795,0.1074334757289015,0.6168660077181726,0.09405546071168341,0.7441107383084026,0.07874351385207189,77.78453190919858,9.332182480721409,55.86063558113413,2.4640188476692675,0.9231968206799179,0.15982324367233208
predictions_OpenADMET_Phase5_RemainingTargets,MACCS,XGBoost,MGMB,5,45.0,7.687318764346417,1.8067051963255099,4.561538476599799,0.662500865696137,0.34258560838962787,0.1614985655471872,0.6181611178981876,0.10483435759798662,0.7635632148066902,0.05417151375130634,74.61641358793143,10.574528650732335,57.084797268723584,5.742380116040082,0.9365317433771191,0.13812118055738049
predictions_OpenADMET_Phase5_RemainingTargets,RDKitFP,FNN,MGMB,5,45.0,7.574148666511237,1.3632900852589551,3.941457951473872,0.6167399136882186,0.3377247310433964,0.24112744066218317,0.6736598285758985,0.08002866221504448,0.819173267077675,0.04622374534956666,54.00552562040845,14.016322492682269,48.61792853021227,6.35670685263082,0.9313544647834506,0.1429451583073883
predictions_OpenADMET_Phase5_RemainingTargets,RDKitFP,KNN,MGMB,5,45.0,7.7458234630255784,1.992836445150235,4.108300416232494,0.8319664408252528,0.33164692107012195,0.1956915518403922,0.6347732022622014,0.12734090716496776,0.7635966620635306,0.0824875012831773,53.18920354508547,10.029426469856546,50.25913455828462,4.241656023881681,0.9424795947344842,0.16672626001298974
predictions_OpenADMET_Phase5_RemainingTargets,TOPOTOR,XGBoost,MGMB,5,45.0,7.737953045516548,0.889090680249546,4.697655897745239,0.5422734195509691,0.3059458147966569,0.1957770731265622,0.634578449757971,0.08175895618312097,0.7043405323366412,0.07959334265283902,96.03329705744994,27.346235353733313,58.03112832735216,9.789550522614235,0.9543817352045927,0.0947429297331212
predictions_OpenADMET_Phase5_RemainingTargets,RDKitFP,XGBoost,MGMB,5,45.0,7.756766631069991,1.8585051263963102,4.473154506168577,0.7905488975232827,0.2877462124511755,0.360229874576335,0.6554777022119282,0.1260968009288885,0.7647259349018963,0.07864273371234913,68.42762479150777,16.76062293477447,51.48608973598082,8.163184705892387,0.9565231639653821,0.22213121369718264
predictions_OpenADMET_Phase5_RemainingTargets,MOL2VEC,KNN,MGMB,5,45.0,8.117837510945744,2.2566006926569773,4.563148971010072,0.8150413093892279,0.28300832767728634,0.1462583050194236,0.529679327316902,0.1232397732624259,0.7206311116194489,0.04671871071169244,71.84559080765858,11.682397664819366,56.29414131904558,5.158780031915804,0.9865536651764986,0.19352893452720343
predictions_OpenADMET_Phase5_RemainingTargets,AtomPair,FNN,MGMB,5,45.0,8.10809848313364,2.0522989401742926,4.385860607996198,0.9871035302052659,0.2793020725081485,0.14474265888651863,0.5707630557036188,0.12397756183742593,0.7775908280759685,0.05651958664711145,65.6753595714542,7.699454483892327,52.7364318962727,6.189728019433666,0.9864822284593762,0.16833135000862726
predictions_OpenADMET_Phase5_RemainingTargets,ECFP,FNN,MGMB,5,45.0,8.088674413279795,1.7586850615521537,4.382350662414445,0.7761868259518179,0.27152369062871756,0.1568388983703024,0.5960453920455346,0.07324566931171116,0.730442294205601,0.02387206110364333,72.85892697833705,16.63257301108923,55.73469424190391,5.124494457774841,0.9875816536840947,0.1374479225928327
predictions_OpenADMET_Phase5_RemainingTargets,MOL2VEC,FNN,MGMB,5,45.0,7.94110914704414,1.2631654949161863,4.457631289853202,0.6309583931918402,0.26374219080281386,0.2888049295502361,0.6390948035030939,0.08392769091509987,0.807513322613884,0.07701257551070781,62.57221137424931,7.163806555848414,50.71983107384934,3.5922143924657957,0.9789221220415891,0.15115826522412473
predictions_OpenADMET_Phase5_RemainingTargets,TOPOTOR,KNN,MGMB,5,45.0,8.151047591979871,1.8933490801455282,4.556923946163999,0.8920169594276744,0.25784986560790335,0.19454844291417045,0.5683992952617007,0.13281391368358658,0.6694898440046047,0.08352971109951209,71.34966058269947,13.93657265136296,54.450149533382806,5.801121494514019,0.9953660595430055,0.16364941326161447
predictions_OpenADMET_Phase5_RemainingTargets,ECFP,ElasticNet,MGMB,5,45.0,8.136539416896065,1.6639573480817484,4.560235584923907,0.8049717345981908,0.25208842306984325,0.2033884943549317,0.5762479965250329,0.07206778719969398,0.7054480789227829,0.03598548580125852,85.32112943689015,23.19029745970716,62.38689684008534,7.294746049403691,0.9991366185558807,0.16237592242652046
predictions_OpenADMET_Phase5_RemainingTargets,ECFP,KNN,MGMB,5,45.0,8.281839390696387,2.7552279765672467,4.598891478642188,1.385621277415047,0.23903631999422847,0.28628410541917065,0.5430265012792533,0.2132230258135172,0.7213655485705146,0.1083989114911016,69.73924615619353,22.13796239116433,56.74312741109868,8.450510399141104,1.008366559684831,0.268515297148455
predictions_OpenADMET_Phase5_RemainingTargets,RDKitFP,ElasticNet,MGMB,5,45.0,7.938838907678106,1.6560867560940706,4.692571437337763,0.7103568887672179,0.2350462462157666,0.42560323424603097,0.6370522629070756,0.15890235653406126,0.7148057017988201,0.10193322899804388,79.17956796381264,21.782861287176136,62.335854262751866,10.304003693240718,0.9833870944224822,0.22630771300966301
predictions_OpenADMET_Phase5_RemainingTargets,AtomPair,KNN,MGMB,5,45.0,8.37051800116916,1.8953572502450613,4.73804623583449,0.5897099531387667,0.2291881246522637,0.10768200103312275,0.5033345441957296,0.07673129391124749,0.6975642748474362,0.014878646031879298,78.9330107110394,11.180446778181935,57.49045420551213,3.680611324722067,1.0217454600409748,0.15237493020062537
predictions_OpenADMET_Phase5_RemainingTargets,ECFP,XGBoost,MGMB,5,45.0,8.123468468641127,1.1401836558384755,4.574968841332807,0.6364629410256517,0.21986168409155696,0.3038478376777618,0.6367111436531577,0.08685538764556526,0.7365797464110586,0.03868516712774617,82.66331873033728,25.777356711394077,56.05582756184735,3.250404118496147,1.0054127403914355,0.15722727248600643
predictions_OpenADMET_Phase5_RemainingTargets,AtomPair,XGBoost,MGMB,5,45.0,8.482782555433936,2.3101011547124757,4.90829671231503,0.9096806627202465,0.2116746500121666,0.1716789861674936,0.5173722053649776,0.1357464582473374,0.722910245075047,0.04810747720924915,83.21587323584168,18.862742714470635,57.74502398990038,4.395792523464747,1.0339814497738655,0.20755412381980276
predictions_OpenADMET_Phase5_RemainingTargets,MACCS,KNN,MGMB,5,45.0,8.777970756921714,2.175507367783929,5.261519194683258,0.7976640105544435,0.16066249932469084,0.12311721464145853,0.45946047510840204,0.05095549297479013,0.6819784204666828,0.09274923332970549,89.65358537507703,12.36939475631313,64.06667504832632,6.040740346547594,1.065763187320613,0.1543444747173419
predictions_OpenADMET_Phase5_RemainingTargets,AtomPair,ElasticNet,MGMB,5,45.0,8.738464260566188,1.9502538180211184,5.179467453665436,1.050535659872066,0.14690395962181818,0.21164368472937717,0.5002597323741624,0.07877696948157195,0.690022781130458,0.06173381441150861,89.52848032112328,18.0392964556952,66.41240326223628,12.31758727207921,1.0676587313756591,0.16445499363851285
predictions_OpenADMET_Phase5_RemainingTargets,MACCS,FNN,MGMB,5,45.0,8.744447333502594,1.5960199568962854,5.286296053988351,0.6439124454931023,0.07252628466248172,0.5241035462498425,0.5536474791462828,0.08101745548152006,0.7240730435057184,0.06922074701298347,94.93896447786933,15.637895673173038,69.93434718446773,7.286968685261731,1.0829773383440044,0.233499685884916
predictions_OpenADMET_Phase5_RemainingTargets,TOPOTOR,FNN,MGMB,5,45.0,8.720525494582542,1.6304649311706432,5.092259174650723,0.7688782243464259,0.0609121671755495,0.5863003381802595,0.5500280504172272,0.09978420198443941,0.6467891899888454,0.04642749198992013,90.73905700418725,23.669152987874817,62.67291415344022,7.545305606742462,1.082508516264643,0.25445387207989356
predictions_OpenADMET_Phase5_RemainingTargets,MOL2VEC,ElasticNet,MGMB,5,45.0,8.841690757973064,1.5340687771964316,5.457150461947971,0.6440502126877603,0.060307976805436,0.4912796406669766,0.5557862145495818,0.03943119184370505,0.7104068649359219,0.05683352671378517,96.9644151659211,17.908307847334484,74.13260390527384,14.003288995902034,1.0944835872252523,0.22152351986072388
predictions_OpenADMET_Phase5_RemainingTargets,MACCS,ElasticNet,MGMB,5,45.0,9.161569332883357,2.0262427456361456,5.6211172354817,1.1014701692203028,-0.048239314888461025,0.7158121200088888,0.4904184586872554,0.09132758480944876,0.666552417526993,0.07608379800464633,102.42663297362374,29.99867773964126,74.92113457448667,13.455725709494653,1.1380740341646336,0.3034207756961226
predictions_OpenADMET_Phase5_RemainingTargets,TOPOTOR,ElasticNet,MGMB,5,45.0,9.263825912577177,2.026091925501004,5.432379503515022,0.7283849825438686,-0.10888199596290826,0.8573126273137974,0.4910418912271123,0.1132488251374887,0.6071293125133443,0.0699408261474109,108.52744283067591,27.945252287986914,66.25961481157779,6.13349791996936,1.1549280735710337,0.3343326092121481
predictions_OpenADMET_Phase5_RemainingTargets,MOL2VEC,FNN,MPPB,5,261.0,9.769860450649258,0.7849777433054176,6.0912905602659535,0.5107037497969601,0.6509054360492966,0.03975639789055904,0.8095298765130341,0.023328364210126223,0.8326498347485947,0.026242589977087984,63.96837869538871,10.656846065100051,57.24169996149643,8.845477055801034,0.6477842950946654,0.044653235649678054
predictions_OpenADMET_Phase5_RemainingTargets,MOL2VEC,XGBoost,MPPB,5,261.0,11.002602247694334,0.5490392113061817,7.212883650905157,0.5265894715821309,0.5577336451834183,0.02178264428873292,0.7547153388312406,0.01744340272009842,0.7716046685782205,0.016982005205129786,90.19691881722342,9.40981049776051,60.20660465741455,2.283295514743621,0.7297596803834306,0.029561942191183913
predictions_OpenADMET_Phase5_RemainingTargets,RDKitFP,FNN,MPPB,5,261.0,11.151497914977705,0.7269197961958828,6.961507387141843,0.6379620968626879,0.5461950906140517,0.025418760686102854,0.7458343712165469,0.019662017676870244,0.7682991423390839,0.03561129650924489,71.7794578411529,8.749633829291566,59.54291084611408,5.286441946122813,0.7393780575673845,0.037257732587222266
predictions_OpenADMET_Phase5_RemainingTargets,ECFP,FNN,MPPB,5,261.0,11.170213949453453,0.4587019675116212,7.11429885810134,0.2876664945964947,0.5401127000286661,0.07388801042396395,0.7407801753354974,0.03981638621924749,0.7502503397933071,0.01154185792986154,92.86957327357703,12.540650334489984,59.54352140548808,3.188215089804868,0.742639376312082,0.06274718629548273
predictions_OpenADMET_Phase5_RemainingTargets,AtomPair,FNN,MPPB,5,261.0,11.328400933776859,0.9540227618067851,7.2106818536609065,0.5102491184539237,0.5322238076192602,0.03753938265072164,0.734254394584382,0.022462533196202967,0.7513807874945815,0.017342575751995114,80.90258695597406,9.350034444586738,63.3598523717103,1.9183953179474387,0.7501262656553761,0.03799131800238671
predictions_OpenADMET_Phase5_RemainingTargets,TOPOTOR,XGBoost,MPPB,5,261.0,11.330766229617849,0.8232716577380204,7.434665880970572,0.5906980531826933,0.5308561660152943,0.04311196998015976,0.7301589300114695,0.030753621288983537,0.714547748158204,0.03099626351121104,93.64555952651429,7.821947134268064,63.74659275178576,1.4422947452326937,0.7507310565247616,0.03275894320404978
predictions_OpenADMET_Phase5_RemainingTargets,AtomPair,XGBoost,MPPB,5,261.0,11.393024157303879,0.8624964702323488,7.273019345922259,0.6401043937955592,0.5265660680299619,0.03298135723380748,0.7267603439580274,0.023349733179456905,0.7523979801365586,0.019904121216860738,87.39121743684962,10.572110854936932,61.94940913380924,4.032033394675865,0.7549442467392408,0.03800911765495581
predictions_OpenADMET_Phase5_RemainingTargets,RDKitFP,XGBoost,MPPB,5,261.0,11.439033379777948,1.0184494565819355,7.551205084362705,0.6940242962761187,0.5224554471703909,0.049513489062549015,0.7237445309920848,0.0355693073524014,0.7456317293468813,0.038488364682474116,91.15259521363643,10.067307362093983,63.79964733581767,3.2357822910305925,0.7579315099686161,0.050419916997361605
predictions_OpenADMET_Phase5_RemainingTargets,TOPOTOR,FNN,MPPB,5,261.0,11.543520376168043,0.46253133495682397,7.608826126907291,0.5117368080685731,0.5130045996348498,0.01970049462268152,0.7275125242969633,0.013356827962519408,0.7154018539254863,0.008243795829048009,92.58438504944482,11.666987996962504,68.48041037166865,5.729957002017732,0.7656139787412455,0.02071162710424421
predictions_OpenADMET_Phase5_RemainingTargets,ECFP,XGBoost,MPPB,5,261.0,11.636585632166184,0.4774093009641437,7.349894439018692,0.1962009200110861,0.5041768156004397,0.03958093546813015,0.7138370092338528,0.02641328287797483,0.7475530987728056,0.011797228315246534,88.1332569603902,6.206359257858649,63.390806060045044,2.8759574583791654,0.7724197890913366,0.04073112002727955
predictions_OpenADMET_Phase5_RemainingTargets,MACCS,XGBoost,MPPB,5,261.0,11.668211823471788,0.889062749708851,7.784181040683012,0.49272519238042395,0.5039511438118051,0.024103423708205094,0.7113270337635992,0.01605146546350719,0.7102401730811105,0.028704822280533535,94.27019985148644,8.835841331007375,63.48812041999351,2.5181690872859566,0.772795711845254,0.029113319739620166
predictions_OpenADMET_Phase5_RemainingTargets,MOL2VEC,ElasticNet,MPPB,5,261.0,11.634214528705334,0.30903624009264186,8.166866124105635,0.23496472063865873,0.5038432830555003,0.04350168090211685,0.7163389599836322,0.026695763648477377,0.7765473525482969,0.029112456703655344,111.12210933314846,5.965898167182946,72.82145167564795,2.008864913129573,0.7723623070318949,0.03673590411370376
predictions_OpenADMET_Phase5_RemainingTargets,RDKitFP,ElasticNet,MPPB,5,261.0,11.74216969382129,1.03009168285123,8.075181103331255,0.8141540733440754,0.497793643381265,0.037664509752349286,0.7080998472711002,0.02639137622741097,0.7192140433853347,0.040754593159665495,101.94368884618908,15.283212742643459,71.07945397482248,2.856630828071112,0.7773897719957176,0.03847048997748669
predictions_OpenADMET_Phase5_RemainingTargets,AtomPair,ElasticNet,MPPB,5,261.0,12.132867145840004,1.2274255105589187,8.48770196701891,0.7493954287459216,0.4640813984808695,0.05250767581467518,0.6857601413036518,0.03815577029808667,0.6876446888589515,0.026494904748695893,113.79790607165334,12.930493827264462,74.52982229587545,1.2553266140647892,0.8023014135924557,0.038486518958576764
predictions_OpenADMET_Phase5_RemainingTargets,MACCS,FNN,MPPB,5,261.0,12.226612159102837,1.1446933680926465,7.7655605787518365,0.705653513879446,0.45534651517713565,0.04968509546415703,0.6887461004730799,0.02669995200832685,0.7027365738304059,0.03882596181547106,76.28011225811493,5.9972702307584385,63.90906324548736,2.9463276576417554,0.8095465583010155,0.04852506919991776
predictions_OpenADMET_Phase5_RemainingTargets,MOL2VEC,KNN,MPPB,5,261.0,12.230563113945866,0.7940308062705996,7.9467392270207124,0.5700619086444407,0.45418451051012687,0.02951920261677726,0.6785224435532575,0.024256545787996294,0.7132555220416892,0.04053529538615447,91.41091720753029,12.02594944794436,63.38990822240105,2.5884075209158173,0.8108163370445339,0.03843700987361051
predictions_OpenADMET_Phase5_RemainingTargets,TOPOTOR,ElasticNet,MPPB,5,261.0,12.293198144698927,0.6471622256818452,8.50153692469546,0.492691157544561,0.44786232723458436,0.03134659286869126,0.6740506668075039,0.02333866112901827,0.6713667522023832,0.015318795873315057,113.64605658951223,7.830645779555517,71.45858174140292,1.730737141444481,0.8150853931627221,0.027322932203943467
predictions_OpenADMET_Phase5_RemainingTargets,TOPOTOR,KNN,MPPB,5,261.0,12.323855902520664,0.8903302002171188,8.064196149023857,0.7058781725735674,0.44600021461975486,0.034786704633880415,0.6763387204112048,0.028258289193411987,0.6788184016035126,0.037367416433372595,94.08774846077293,12.1085119660339,64.98736928656845,2.518740718964021,0.8166669148291874,0.03730830261268636
predictions_OpenADMET_Phase5_RemainingTargets,ECFP,ElasticNet,MPPB,5,261.0,12.322211664375091,0.4792566228910064,8.36161371583657,0.570029206758792,0.4448124021199334,0.02894021349798802,0.6708535038889702,0.023183737933051722,0.7083087221163898,0.02449427952527372,113.81388853302126,14.36353086496977,72.65091154661637,1.483074600485032,0.8174662538075996,0.028936276072333587
predictions_OpenADMET_Phase5_RemainingTargets,AtomPair,KNN,MPPB,5,261.0,12.348156954812842,0.836355742372598,8.16085926401174,0.6145795781697792,0.444102051654612,0.022100968745787687,0.6709134273199865,0.02331693488293247,0.6939661721625688,0.029763745734279985,101.0979252900604,18.773204690785857,65.9404345522419,3.7525878586187216,0.8182599366048692,0.032252647008768925
predictions_OpenADMET_Phase5_RemainingTargets,MACCS,KNN,MPPB,5,261.0,12.7347325232243,1.0421700751579144,8.410061014931689,0.7550685868361301,0.40897631326827855,0.04040181276718811,0.6435082122186454,0.02901430057679312,0.6453246796434586,0.04467304790427665,104.35990124881417,12.09924083749452,67.29334908516873,3.5821987116838283,0.8432333017994397,0.03452309436046554
predictions_OpenADMET_Phase5_RemainingTargets,ECFP,KNN,MPPB,5,261.0,12.732017097182839,1.132630677890058,8.234570730486274,0.7481198272978662,0.4077581220754471,0.06748821887908356,0.6468062844857003,0.05173666360436399,0.666754657270506,0.027395052471335612,95.03176093528668,15.213151037565313,65.17274264536886,2.156447027118031,0.8440601021097887,0.06438159127096287
predictions_OpenADMET_Phase5_RemainingTargets,RDKitFP,KNN,MPPB,5,261.0,13.005741727945397,0.92727200624588,8.053646969662742,0.6107864395047008,0.38232071494302733,0.04834699101884947,0.6279875517743865,0.03680702603806779,0.683804826966405,0.022522613676180168,87.67826044752812,8.442681226570418,62.81715672876256,2.858469518926308,0.8624897662662482,0.05240622877594795
predictions_OpenADMET_Phase5_RemainingTargets,MACCS,ElasticNet,MPPB,5,261.0,14.009594720851032,0.91787018114171,9.800555091207425,0.6619513965135849,0.28441659569922145,0.023584990162677795,0.5401241617423842,0.01904781952839166,0.5901955784182663,0.01983709615756099,129.94088623293453,9.12643574265597,78.82246772566438,2.0343631028060725,0.92817370458332,0.025823415544020168
